patient,label,pct_merfish,pct_scrna,log2_ratio,is_key
C107,B,0.101165740611041,1.54066642780365,-3.80210422624116,FALSE
C107,Bgc,0.0747070084512303,0.573271228950197,-2.78361366733806,FALSE
C107,Bgc-CD40,0.0715942164324291,0.0716589036187746,-0.00114330296174001,FALSE
C107,Bgc-CD40-prolif,0.138519244836656,0.286635614475099,-0.998041935345604,FALSE
C107,Bgc-GPR183,0.186767521128076,0.644930132568972,-1.73484890331762,FALSE
C107,Endo,0.672363076061073,0,6.09246767673579,FALSE
C107,Endo-art,0.801543944841325,0.465782873522035,0.770365877509173,FALSE
C107,Endo-cap,1.19219934320088,0.214976710856324,2.41782856763282,FALSE
C107,Endo-lymph,0.373535042256152,0.286635614475099,0.370666577634058,FALSE
C107,Endo-prolif,0.795318360803723,0,6.33148732128897,FALSE
C107,Endo-tip,0.46847519882959,0,5.58037224122278,FALSE
C107,Endo-ven,2.85598667725016,0.573271228950197,2.29679308601446,FALSE
C107,Fibro-BMP,7.84890507540739,0.0358294518093873,7.42190948699145,FALSE
C107,Fibro-CCL2,7.53451308150846,0.0716589036187746,6.52967378527044,FALSE
C107,Fibro-CXCL14,4.71121072045571,0,8.88301306555122,FALSE
C107,Fibro-GREM1,7.54073866554606,0,9.56047397553601,FALSE
C107,Fibro-MMP3,1.46301224883659,0,7.20262561693215,FALSE
C107,Fibro-StemNiche,27.9046240525439,0.609100680759584,5.49470327049208,FALSE
C107,Fibro-myo,0.364196666199748,0,5.22572480023646,FALSE
C107,ILC3,0.0606994443666247,1.14654245790039,-4.03197554277881,FALSE
C107,Mast,0.437347278641578,0,5.48332333491385,FALSE
C107,Myeloid-DC-pDC_ASDC,0.58987408756284,3.9412396990326,-2.71957375034983,FALSE
C107,Myeloid-DC1,0.00155639600940063,0.0358294518093873,-1.98758348147805,FALSE
C107,Myeloid-DC2,0.188323917137476,0.429953421712648,-1.14949212054564,FALSE
C107,Myeloid-DC2-C1Q,0.0980529485922398,0.179147259046937,-0.807771428715327,FALSE
C107,Myeloid-DCmreg,0.961852733809591,0.788247939806521,0.283900792458741,TRUE
C107,Myeloid-Granulo,0.681701452117477,0.250806162665711,1.40717152529665,FALSE
C107,Myeloid-ISGhigh,0.239684985447697,2.04227875313508,-3.03904572598633,TRUE
C107,Myeloid-ISGlow,4.10421627678947,1.89896094589753,1.10783004773283,TRUE
C107,Myeloid-Macro,3.36337177631477,2.61554998208527,0.361571665027505,FALSE
C107,Myeloid-Macro-C1Q,0.873138161273755,1.28986026513794,-0.55764548101725,FALSE
C107,Myeloid-Macro-MMP9-APOE,5.26217490778354,0.573271228950197,3.17615941634588,FALSE
C107,Myeloid-Macro-SEPP1-LYVE1,5.78045477891395,1.18237190970978,2.27984236772758,FALSE
C107,Myeloid-Macro-prolif,0.27081290563571,0.0358294518093873,2.61526230665056,FALSE
C107,Myeloid-Mono-CSF1R,0.22100823333489,1.03905410247223,-2.1830729068223,FALSE
C107,Myeloid-Mono-S100-VCAN,0.287933261739117,1.32568971694733,-2.16452380371592,FALSE
C107,Myeloid-Mono-VEGFA,0.717498560333691,0.824077391615908,-0.197236860322579,FALSE
C107,Myeloid-inflamm,0.568084543431231,1.28986026513794,-1.16900413816016,FALSE
C107,NK-CD16,0.0669250284042272,5.05195270512361,-6.04009714661893,FALSE
C107,NK-XCL1,0.0124511680752051,0.93156574704407,-5.39019942627428,FALSE
C107,Pericyte,5.45983720097742,0,9.095354084431,FALSE
C107,Schwann,1.2264400554077,0,6.950048487034,FALSE
C107,SmoothMuscle,1.7244867784159,0.967395198853458,0.827494920412843,FALSE
C107,Tcd4-CXCL13,0.155639600940063,9.38731637405948,-5.82612928272989,FALSE
C107,Tcd4-IL7R,0.350189102115142,9.81726979577213,-4.76996422702786,FALSE
C107,Tcd4-TFH,0.0638122363854259,1.61232533142243,-4.45805934573235,FALSE
C107,Tcd4-Treg,0.51672347512101,7.30920816911501,-3.79656991415637,FALSE
C107,Tcd4-Treg-prolif,0.029571524178612,2.43640272303834,-5.95005547267339,FALSE
C107,Tcd8-CXCL13,0.105834928639243,7.73916159082766,-6.06389797705613,TRUE
C107,Tcd8-CXCL13-LAG3,0,3.36796847008241,-8.40001205187849,TRUE
C107,Tcd8-CXCL13-prolif,0.0933837605640379,3.26048011465425,-4.98342095129489,TRUE
C107,Tcd8-GZMK,0.115173304695647,8.4915800788248,-6.08573217995511,TRUE
C107,Tcd8-HOBIT,0.118286096714448,7.0584020064493,-5.7839473648934,FALSE
C107,Tcd8-gdlike,0.0186767521128076,2.65137943389466,-6.53614876463589,FALSE
C107,Tcd8-gdlike-PD1,0.0451354842726183,0,2.46298111202925,FALSE
C107,Tplzf-gdlike,0.076263404460631,3.22465066284486,-5.22871744720669,FALSE
C107,Tplzf-gdlike-prolif,0.0140075640846057,0.429953421712648,-4.19578985855676,FALSE
C110,B,4.99682251475261,10.3258569614896,-1.04569078993778,FALSE
C110,Bgc,2.83976395823877,2.2852306390182,0.312203296041558,FALSE
C110,Bgc-CD40,1.94825238311394,4.90901396529835,-1.32880243686764,FALSE
C110,Bgc-CD40-prolif,2.76532001815706,2.6661024121879,0.0525208083821016,FALSE
C110,Bgc-GPR183,6.91239219246482,2.6661024121879,1.3711373528486,FALSE
C110,Endo,1.75215615070359,0,7.46119796185602,FALSE
C110,Endo-art,1.79754879709487,0,7.49789078487727,FALSE
C110,Endo-cap,3.57149341806627,0,8.48441748049671,FALSE
C110,Endo-lymph,0.778937812074444,0,6.30183967934951,FALSE
C110,Endo-prolif,3.50249659555152,0,8.45635301679275,FALSE
C110,Endo-tip,1.4380390376759,0,7.17795668632724,FALSE
C110,Endo-ven,5.72855197458012,0,9.16454293318451,FALSE
C110,Fibro-BMP,2.93962778029959,0,8.20438909902988,FALSE
C110,Fibro-CCL2,3.79664094416705,0,8.5723746859951,FALSE
C110,Fibro-CXCL14,0.386745347253745,0,5.31014139914931,FALSE
C110,Fibro-GREM1,7.8093508851566,0,9.61090503853054,FALSE
C110,Fibro-MMP3,1.61779391738538,0,7.34677425228694,FALSE
C110,Fibro-StemNiche,7.48797094870631,0,9.55035642561165,FALSE
C110,Fibro-myo,0.237857467090331,0,4.63143881777435,FALSE
C110,ILC3,0.274171584203359,1.9043588658485,-2.75202709857558,FALSE
C110,Mast,0.408533817521561,0,5.3872722920944,FALSE
C110,Myeloid-DC-pDC_ASDC,1.04403086699955,0.3808717731697,1.43114980732898,FALSE
C110,Myeloid-DC1,0.00544711756695415,0.211595429538722,-3.84251856437036,FALSE
C110,Myeloid-DC2,0.463004993191103,0.3808717731697,0.275160009119153,FALSE
C110,Myeloid-DC2-C1Q,0.19609623241035,0.338552687261955,-0.758058618917116,FALSE
C110,Myeloid-DCmreg,2.20789832047208,0.804062632247143,1.44598152491321,TRUE
C110,Myeloid-Granulo,0.568315932818883,1.94667795175624,-1.75847656877844,FALSE
C110,Myeloid-ISGhigh,0.27598729005901,1.98899703766399,-2.80525339732366,TRUE
C110,Myeloid-ISGlow,3.75306400363141,6.43250105797715,-0.775713041478617,TRUE
C110,Myeloid-Macro,1.16749886518384,1.81972069403301,-0.635897769186204,FALSE
C110,Myeloid-Macro-C1Q,0.43213799364503,1.26957257723233,-1.5330933613314,FALSE
C110,Myeloid-Macro-MMP9-APOE,2.20063549704948,2.07363520947948,0.0853584432652756,FALSE
C110,Myeloid-Macro-SEPP1-LYVE1,3.29550612800726,1.10029623360135,1.57392654176757,FALSE
C110,Myeloid-Macro-prolif,0.163413527008625,0.126957257723233,0.340490719179183,FALSE
C110,Myeloid-Mono-CSF1R,0.294144348615524,1.22725349132459,-2.02431301077382,FALSE
C110,Myeloid-Mono-S100-VCAN,0.384929641398093,1.73508252221752,-2.14362770255313,FALSE
C110,Myeloid-Mono-VEGFA,0.635497049477985,2.79305966991113,-2.11852004975221,FALSE
C110,Myeloid-inflamm,0.421243758511121,6.89801100296234,-4.00169489917991,FALSE
C110,NK-CD16,0.319564230594644,2.49682606855692,-2.92723032838362,FALSE
C110,NK-XCL1,0.0671811166591012,0.550148116800677,-2.85948853920653,FALSE
C110,Pericyte,7.32274171584203,0,9.51820891341109,FALSE
C110,Schwann,1.55242850658193,0,7.28764636639139,FALSE
C110,SmoothMuscle,2.21334543803904,0,7.79658830504425,FALSE
C110,Tcd4-CXCL13,0.749886518384022,4.61278036394414,-2.60490493197111,FALSE
C110,Tcd4-IL7R,2.41307308216069,12.2725349132459,-2.34169851637592,FALSE
C110,Tcd4-TFH,0.392192464820699,1.94667795175624,-2.28244836559823,FALSE
C110,Tcd4-Treg,1.7103949160236,5.96699111299196,-1.79667962460328,FALSE
C110,Tcd4-Treg-prolif,0.176123467998184,0.931019889970377,-2.33796524307663,FALSE
C110,Tcd8-CXCL13,0.294144348615524,2.32754972492594,-2.94216895220281,TRUE
C110,Tcd8-CXCL13-LAG3,0,1.31189166314008,-7.04646013405216,TRUE
C110,Tcd8-CXCL13-prolif,0.688152519291875,0.804062632247143,-0.221597552779618,TRUE
C110,Tcd8-GZMK,0.377666817975488,3.38552687261955,-3.13074629085094,TRUE
C110,Tcd8-HOBIT,0.346799818429414,3.68176047397376,-3.37112216596252,FALSE
C110,Tcd8-gdlike,0.0980481162051748,1.10029623360135,-3.36119882304003,FALSE
C110,Tcd8-gdlike-PD1,0.237857467090331,0,4.63143881777435,FALSE
C110,Tplzf-gdlike,0.423059464366773,1.56580617858654,-1.86345305337093,FALSE
C110,Tplzf-gdlike-prolif,0.11802088061734,0.761743546339399,-2.59174237581937,FALSE
C123,B,0.28394855520294,2.57599175682638,-3.13708208439957,FALSE
C123,Bgc,0.709112167271513,2.344152498712,-1.71091905395985,FALSE
C123,Bgc-CD40,0.314317384636409,1.59711488923235,-2.30899480302521,FALSE
C123,Bgc-CD40-prolif,1.57158692318205,1.80319422977846,-0.197160627389195,FALSE
C123,Bgc-GPR183,0.93080462213584,1.51983513652756,-0.701409135311624,FALSE
C123,Endo,1.31952563888425,0,7.05476778850811,FALSE
C123,Endo-art,1.3164887559409,0,7.05146863630473,FALSE
C123,Endo-cap,3.07332553866711,0,8.26834340754505,FALSE
C123,Endo-lymph,0.372018160560001,0,5.25556931829783,FALSE
C123,Endo-prolif,2.66486478278695,0,8.06332215338821,FALSE
C123,Endo-tip,0.885251377985636,0,6.48422092905479,FALSE
C123,Endo-ven,2.9882928162534,0,8.22799747497104,FALSE
C123,Fibro-BMP,1.05227993986972,0,6.73102019569268,FALSE
C123,Fibro-CCL2,6.13602198703251,0,9.26350911787157,FALSE
C123,Fibro-CXCL14,0.0379610367918369,0,2.26186284637253,FALSE
C123,Fibro-GREM1,13.5642376664591,0,10.4066554627506,FALSE
C123,Fibro-MMP3,11.3169442883824,0,10.1455429971368,FALSE
C123,Fibro-StemNiche,4.42322000698483,0,8.79221115054318,FALSE
C123,Fibro-myo,0.136659732450613,0,3.87440090749154,FALSE
C123,ILC3,0.0926249297720819,1.13343637300361,-3.47792294875641,FALSE
C123,Mast,0.100217137130449,0,3.46227665392288,FALSE
C123,Myeloid-DC-pDC_ASDC,0.567897110405879,1.41679546625451,-1.30389397535916,FALSE
C123,Myeloid-DC1,0,0.20607934054611,-4.43348923688359,FALSE
C123,Myeloid-DC2,0.558786461575839,0.386398763523957,0.520934663539049,FALSE
C123,Myeloid-DC2-C1Q,0.352278421428246,1.08191653786708,-1.59169180461193,FALSE
C123,Myeloid-DCmreg,0.645337625461227,1.31375579598145,-1.0143267310744,TRUE
C123,Myeloid-Granulo,0.245987518411103,0.0257599175682638,2.83965815215412,FALSE
C123,Myeloid-ISGhigh,0.368981277616654,0.875837197320969,-1.22491500059065,TRUE
C123,Myeloid-ISGlow,5.63949162579528,3.09119010819165,0.865299082950707,TRUE
C123,Myeloid-Macro,4.71931609396116,1.51983513652756,1.62825538210894,FALSE
C123,Myeloid-Macro-C1Q,0.68178022078139,2.7047913446677,-1.97245564841264,FALSE
C123,Myeloid-Macro-MMP9-APOE,7.38418087674811,2.65327150953117,1.47319082237345,FALSE
C123,Myeloid-Macro-SEPP1-LYVE1,9.03017143204215,1.4940752189593,2.58747341309811,FALSE
C123,Myeloid-Macro-prolif,0.487419712407185,0.437918598660484,0.151227110102767,FALSE
C123,Myeloid-Mono-CSF1R,0.334057123768164,1.08191653786708,-1.66614256567171,FALSE
C123,Myeloid-Mono-S100-VCAN,0.329501799353144,1.23647604327666,-1.87636402926992,FALSE
C123,Myeloid-Mono-VEGFA,0.555749578632492,0.850077279752705,-0.60430268984247,FALSE
C123,Myeloid-inflamm,0.608895030141063,0.566718186501803,0.101828219109061,FALSE
C123,NK-CD16,0.402386989993471,4.81710458526533,-3.54908736059846,FALSE
C123,NK-XCL1,0.0425163612068573,0.437918598660484,-3.09239770934774,FALSE
C123,Pericyte,4.67224440833928,0,8.87105643338655,FALSE
C123,Schwann,1.59891886967217,0,7.32994776924029,FALSE
C123,SmoothMuscle,1.21171629439543,0,6.93276549278016,FALSE
C123,Tcd4-CXCL13,0.68633554519641,10.1751674394642,-3.87054321831346,FALSE
C123,Tcd4-IL7R,0.359870628786613,5.9763008758372,-4.01657214501906,FALSE
C123,Tcd4-TFH,0.186768301015837,1.88047398248326,-3.26417826528097,FALSE
C123,Tcd4-Treg,1.52755212050352,8.39773312725399,-2.45108156066348,FALSE
C123,Tcd4-Treg-prolif,0.18373141807249,2.75631117980422,-3.83583360834622,FALSE
C123,Tcd8-CXCL13,0.364425953201634,4.32766615146832,-3.53416667684745,TRUE
C123,Tcd8-CXCL13-LAG3,0,4.09582689335394,-8.68152899272918,TRUE
C123,Tcd8-CXCL13-prolif,0.871585404740574,3.40030911901082,-1.95173027029004,TRUE
C123,Tcd8-GZMK,0.285466996674613,6.33693972179289,-4.42499224398102,TRUE
C123,Tcd8-HOBIT,0.496530361237226,8.21741370427615,-4.02171833796161,FALSE
C123,Tcd8-gdlike,0.165510120412409,2.78207109737249,-3.99170955090231,FALSE
C123,Tcd8-gdlike-PD1,0.300651411391348,0,4.95722470381904,FALSE
C123,Tplzf-gdlike,0.651411391347921,3.21998969603297,-2.28790976450949,FALSE
C123,Tplzf-gdlike-prolif,0.192842066902531,1.26223596084493,-2.648937485874,FALSE
C164,B,0.952583021780642,0,6.58883907188962,FALSE
C164,Bgc,0.711144928702599,0,6.17221732232695,FALSE
C164,Bgc-CD40,0.577988162217133,0,5.87771520491065,FALSE
C164,Bgc-CD40-prolif,0.670173615937841,0,6.08783113960721,FALSE
C164,Bgc-GPR183,2.33097504408074,0,7.870965744484,FALSE
C164,Endo,1.91614050233756,0,7.58956913419826,FALSE
C164,Endo-art,1.00087064039625,0,6.65945457930105,FALSE
C164,Endo-cap,1.51593857229608,0,7.25355307643763,FALSE
C164,Endo-lymph,0.984774767524382,0,6.63629800892678,FALSE
C164,Endo-prolif,3.32379774804106,0,8.38102277257867,FALSE
C164,Endo-tip,0.607253385620532,0,5.94779093942603,FALSE
C164,Endo-ven,9.45047226754267,0,9.88576839459048,FALSE
C164,Fibro-BMP,2.77800133156767,0,8.12308744002181,FALSE
C164,Fibro-CCL2,3.79204132249545,0,8.57063040178099,FALSE
C164,Fibro-CXCL14,0.00731630585084979,0,0.792131187622215,FALSE
C164,Fibro-GREM1,0.719192865138534,0,6.18822854013768,FALSE
C164,Fibro-MMP3,1.08647141885119,0,6.7767243962969,FALSE
C164,Fibro-StemNiche,10.3840328941111,0,10.0215398145008,FALSE
C164,Fibro-myo,0.940145301834198,0,6.57007625065323,FALSE
C164,ILC3,0.0504825103708635,0.86734693877551,-3.85855752995273,FALSE
C164,Mast,0.203393302653624,0,4.41544299279278,FALSE
C164,Myeloid-DC-pDC_ASDC,1.07403369890475,0.153061224489796,2.73292394681157,FALSE
C164,Myeloid-DC1,0.000731630585084979,0.204081632653061,-4.31821981978703,FALSE
C164,Myeloid-DC2,0.419955955838778,0.0510204081632653,2.81682514427627,FALSE
C164,Myeloid-DC2-C1Q,0.199003519143114,0.0510204081632653,1.7761634990129,FALSE
C164,Myeloid-DCmreg,1.11793153400985,0.408163265306122,1.43154126298573,TRUE
C164,Myeloid-Granulo,0.305089953980436,0,4.97769185250004,FALSE
C164,Myeloid-ISGhigh,1.5781271720283,0.816326530612245,0.942542549619103,TRUE
C164,Myeloid-ISGlow,7.64407635296786,1.83673469387755,2.05125167228825,TRUE
C164,Myeloid-Macro,5.2457912950593,0.459183673469388,3.48568327124427,FALSE
C164,Myeloid-Macro-C1Q,1.08500815768102,0.306122448979592,1.79238622287395,FALSE
C164,Myeloid-Macro-MMP9-APOE,7.46994827371764,0.459183673469388,3.99480357661233,FALSE
C164,Myeloid-Macro-SEPP1-LYVE1,8.55715132315391,0.459183673469388,4.19059085446909,FALSE
C164,Myeloid-Macro-prolif,0.428003892274713,0.0510204081632653,2.84357995504296,FALSE
C164,Myeloid-Mono-CSF1R,0.695780686415815,0.816326530612245,-0.227492037152685,FALSE
C164,Myeloid-Mono-S100-VCAN,0.68480622763954,1.02040816326531,-0.568533337877005,FALSE
C164,Myeloid-Mono-VEGFA,1.2905963520899,1.1734693877551,0.136150893385802,FALSE
C164,Myeloid-inflamm,0.88307811619757,0.153061224489796,2.45337261730233,FALSE
C164,NK-CD16,0.359230617276725,10.2040816326531,-4.78989349539439,FALSE
C164,NK-XCL1,0.0534090327112035,0.714285714285714,-3.51379864588326,FALSE
C164,Pericyte,11.1376123967486,0,10.1225190304825,FALSE
C164,Schwann,0.622617627907317,0,5.98326185203912,FALSE
C164,SmoothMuscle,1.01842977443829,0,6.68429947364377,FALSE
C164,Tcd4-CXCL13,0.372399967808254,9.18367346938776,-4.58748712005539,FALSE
C164,Tcd4-IL7R,0.207051455579049,6.37755102040816,-4.87915390692634,FALSE
C164,Tcd4-TFH,0.144862855846826,1.88775510204082,-3.61523077259537,FALSE
C164,Tcd4-Treg,0.70090210051141,7.55102040816327,-3.41085814578049,FALSE
C164,Tcd4-Treg-prolif,0.0731630585084979,1.73469387755102,-4.39088729688842,FALSE
C164,Tcd8-CXCL13,0.35410920318113,6.1734693877551,-4.08597341312926,TRUE
C164,Tcd8-CXCL13-LAG3,0,6.22448979591837,-9.28412769064507,TRUE
C164,Tcd8-CXCL13-prolif,0.477754772060491,4.8469387755102,-3.31581940752728,TRUE
C164,Tcd8-GZMK,0.259728857705168,5.61224489795918,-4.38156451132406,TRUE
C164,Tcd8-HOBIT,0.430198784029968,9.08163265306122,-4.36831232815436,FALSE
C164,Tcd8-gdlike,0.116329263028512,9.8469387755102,-6.28587889477189,FALSE
C164,Tcd8-gdlike-PD1,0.271434947066527,0,4.8147295806371,FALSE
C164,Tplzf-gdlike,0.630665564343252,8.97959183673469,-3.81061226002267,FALSE
C164,Tplzf-gdlike-prolif,0.0877956702101975,2.29591836734694,-4.55942703735484,FALSE
