lineage,old_label,new_label,N
B,cB1 (B IGD+IgM+),B,2380
B,cB2 (B GC-like),Bgc-GPR183,2046
B,cB3 (B CD40+ GC-like),Bgc-CD40-prolif,1616
B,cB2 (B GC-like),Bgc,1618
B,cB3 (B CD40+ GC-like),Bgc-CD40,1825
Myeloid,cM02 (Macrophage-like),Myeloid-Macro-C1Q,2255
Myeloid,cM09 (mregDC),Myeloid-DCmreg,1136
Myeloid,cM01 (Monocyte),Myeloid-Mono-S100-VCAN,1852
Myeloid,cM02 (Macrophage-like),Myeloid-ISGlow,2819
Myeloid,cM01 (Monocyte),Myeloid-Mono-CSF1R,1283
Myeloid,cM04 (DC2),Myeloid-DC2,565
Myeloid,cM02 (Macrophage-like),Myeloid-Macro,2303
Myeloid,cM01 (Monocyte),Myeloid-Mono-VEGFA,2175
Myeloid,cM02 (Macrophage-like),Myeloid-Macro-MMP9-APOE,2494
Myeloid,cM05 (DC2 C1Q+),Myeloid-DC2-C1Q,502
Myeloid,cM02 (Macrophage-like),Myeloid-Macro-prolif,327
Myeloid,cM02 (Macrophage-like),Myeloid-Macro-SEPP1-LYVE1,2603
Myeloid,cM10 (Granulocyte),Myeloid-Granulo,1661
Myeloid,cM01 (Monocyte),Myeloid-ISGhigh,1016
Myeloid,cM07 (pDC),Myeloid-DC-pDC_ASDC,709
Myeloid,cM01 (Monocyte),Myeloid-inflamm,2429
Myeloid,cM08 (AS-DC),Myeloid-DC-pDC_ASDC,48
Myeloid,cM03 (DC1),Myeloid-DC1,179
Strom,cS32 (Smooth Muscle),SmoothMuscle,377
Strom,cS06 (Endo lymphatic),Endo-lymph,151
Strom,cS05 (Endo venous),Endo-ven,453
Strom,cS21 (Fibro stem cell niche),Fibro-StemNiche,228
Strom,cS25 (Fibro CCL8+),Fibro-CCL2,324
Strom,cS01 (Endo arterial),Endo-art,256
Strom,cS22 (Fibro stem cell niche),Fibro-StemNiche,250
Strom,cS02 (Endo capillary),Endo-cap,480
Strom,cS23 (Fibro BMP-producing),Fibro-BMP,159
Strom,cS03 (Endo capillary),Endo-cap,296
Strom,cS24 (Fibro BMP-producing),Fibro-BMP,261
Strom,cS33 (Schwann),Schwann,133
Strom,cS15 (Pericyte),Pericyte,147
Strom,cS30 (CAF CCL8 Fibro-like),Fibro-CCL2,211
Strom,cS13 (Endo venous-like),Endo-ven,629
Strom,cS17 (Pericyte),Pericyte,195
Strom,cS08 (Endo arterial-like),Endo-art,177
Strom,cS29 (MMP3+ CAF),Fibro-MMP3,152
Strom,cS09 (Endo),Endo,138
Strom,cS18 (Pericyte),Pericyte,126
Strom,cS12 (Endo),Endo,61
Strom,cS10 (Endo tip cells),Endo-tip,208
Strom,cS19 (Pericyte),Pericyte,198
Strom,cS28 (GREM1+ CAF),Fibro-GREM1,174
Strom,cS27 (CXCL14+ CAF),Fibro-CXCL14,71
Strom,cS31 (CAF stem niche Fibro-like),Fibro-StemNiche,152
Strom,cS16 (Pericyte),Pericyte,160
Strom,cS26 (Myofibro),Fibro-myo,119
Strom,cS04 (Endo),Endo-cap,49
Strom,cS11 (Endo proif),Endo-prolif,80
Strom,cS07 (Endo capillary-like),Endo-cap,48
Strom,cS14 (Endo),Endo,4
TNKILC,cTNI04 (CD4+ IL7R+CCL5+),Tcd4-Treg-prolif,53
TNKILC,cTNI09 (CD4+ Treg prolif),Tcd8-CXCL13-prolif,290
TNKILC,cTNI11 (CD8+GZMK+),Tcd8-GZMK,2631
TNKILC,cTNI04 (CD4+ IL7R+CCL5+),Tcd4-IL7R,3696
TNKILC,cTNI24 (NK GZMK+),NK-CD16,734
TNKILC,cTNI08 (CD4+ Treg),Tcd4-Treg,6044
TNKILC,cTNI10 (CD8+ IL7R+),Tcd4-IL7R,126
TNKILC,cTNI10 (CD8+ IL7R+),Tcd8-HOBIT,1470
TNKILC,cTNI20 (PLZF+ T),Tcd8-gdlike,474
TNKILC,cTNI11 (CD8+GZMK+),NK-CD16,161
TNKILC,cTNI20 (PLZF+ T),Tplzf-gdlike,2111
TNKILC,cTNI20 (PLZF+ T),NK-CD16,766
TNKILC,cTNI08 (CD4+ Treg),Tcd4-CXCL13,338
TNKILC,cTNI25 (NK XCL1+),NK-XCL1,311
TNKILC,cTNI18 (gd-like T PDCD1+),NK-CD16,551
TNKILC,cTNI17 (gd-like T),Tcd8-CXCL13,192
TNKILC,cTNI16 (CD8+ CXCL13+ prolif),Tcd8-CXCL13-prolif,1291
TNKILC,cTNI09 (CD4+ Treg prolif),Tcd4-Treg-prolif,781
TNKILC,cTNI25 (NK XCL1+),NK-CD16,142
TNKILC,cTNI04 (CD4+ IL7R+CCL5+),Tcd8-HOBIT,169
TNKILC,cTNI23 (NK CD16A+),NK-CD16,1108
TNKILC,cTNI08 (CD4+ Treg),Tcd4-TFH,869
TNKILC,cTNI04 (CD4+ IL7R+CCL5+),ILC3,394
TNKILC,cTNI09 (CD4+ Treg prolif),NK-CD16,5
TNKILC,cTNI17 (gd-like T),Tcd8-CXCL13-LAG3,384
TNKILC,cTNI03 (CD4+ IL7R+HSP+),ILC3,122
TNKILC,cTNI04 (CD4+ IL7R+CCL5+),NK-CD16,39
TNKILC,cTNI06 (CD4+ TFH),Tcd4-CXCL13,271
TNKILC,cTNI20 (PLZF+ T),ILC3,65
TNKILC,cTNI07 (CD4+ CXCL13+),ILC3,9
TNKILC,cTNI18 (gd-like T PDCD1+),Tcd8-gdlike,583
TNKILC,cTNI17 (gd-like T),Tcd8-gdlike,1192
TNKILC,cTNI17 (gd-like T),Tplzf-gdlike,1023
TNKILC,cTNI20 (PLZF+ T),Tplzf-gdlike-prolif,194
TNKILC,cTNI16 (CD8+ CXCL13+ prolif),Tcd8-HOBIT,47
TNKILC,cTNI16 (CD8+ CXCL13+ prolif),ILC3,6
TNKILC,cTNI24 (NK GZMK+),NK-XCL1,229
TNKILC,cTNI03 (CD4+ IL7R+HSP+),Tcd4-IL7R,1005
TNKILC,cTNI04 (CD4+ IL7R+CCL5+),Tcd4-TFH,99
TNKILC,cTNI04 (CD4+ IL7R+CCL5+),Tcd4-CXCL13,170
TNKILC,cTNI08 (CD4+ Treg),Tcd8-CXCL13,12
TNKILC,cTNI14 (CD8+ CXCL13+),Tcd4-CXCL13,1211
TNKILC,cTNI09 (CD4+ Treg prolif),Tcd4-CXCL13,94
TNKILC,cTNI26 (ILC3),ILC3,622
TNKILC,cTNI09 (CD4+ Treg prolif),Tcd4-Treg,240
TNKILC,cTNI04 (CD4+ IL7R+CCL5+),Tcd8-GZMK,89
TNKILC,cTNI09 (CD4+ Treg prolif),Tcd8-GZMK,4
TNKILC,cTNI23 (NK CD16A+),NK-XCL1,42
TNKILC,cTNI14 (CD8+ CXCL13+),Tcd8-GZMK,969
TNKILC,cTNI04 (CD4+ IL7R+CCL5+),Tcd8-gdlike,8
TNKILC,cTNI07 (CD4+ CXCL13+),Tcd4-CXCL13,1288
TNKILC,cTNI17 (gd-like T),Tcd8-HOBIT,574
TNKILC,cTNI03 (CD4+ IL7R+HSP+),Tcd8-GZMK,28
TNKILC,cTNI21 (PLZF+ T prolif),Tcd8-CXCL13-prolif,161
TNKILC,cTNI09 (CD4+ Treg prolif),Tcd4-IL7R,22
TNKILC,cTNI26 (ILC3),Tcd4-CXCL13,5
TNKILC,cTNI08 (CD4+ Treg),Tcd4-IL7R,426
TNKILC,cTNI11 (CD8+GZMK+),Tcd4-CXCL13,137
TNKILC,cTNI20 (PLZF+ T),Tcd4-CXCL13,54
TNKILC,cTNI06 (CD4+ TFH),Tcd4-TFH,310
TNKILC,cTNI02 (CD4+ IL7R+SELL+),Tcd4-CXCL13,52
TNKILC,cTNI02 (CD4+ IL7R+SELL+),Tcd4-IL7R,2249
TNKILC,cTNI21 (PLZF+ T prolif),Tplzf-gdlike-prolif,416
TNKILC,cTNI10 (CD8+ IL7R+),Tcd4-CXCL13,203
TNKILC,cTNI16 (CD8+ CXCL13+ prolif),Tcd4-CXCL13,128
TNKILC,cTNI10 (CD8+ IL7R+),Tcd8-CXCL13,227
TNKILC,cTNI25 (NK XCL1+),ILC3,62
TNKILC,cTNI25 (NK XCL1+),Tplzf-gdlike,47
TNKILC,cTNI12 (CD8+ IL7R+),Tcd8-CXCL13-LAG3,38
TNKILC,cTNI18 (gd-like T PDCD1+),Tcd4-CXCL13,283
TNKILC,cTNI11 (CD8+GZMK+),Tcd8-HOBIT,311
TNKILC,cTNI16 (CD8+ CXCL13+ prolif),Tcd8-CXCL13-LAG3,74
TNKILC,cTNI01 (CD4+ IL7R+),Tcd4-IL7R,531
TNKILC,cTNI18 (gd-like T PDCD1+),Tcd8-CXCL13-LAG3,618
TNKILC,cTNI06 (CD4+ TFH),Tcd4-IL7R,132
TNKILC,cTNI15 (CD8+ CXCL13+ HSP+),Tcd4-CXCL13,747
TNKILC,cTNI21 (PLZF+ T prolif),Tcd4-Treg-prolif,60
TNKILC,cTNI10 (CD8+ IL7R+),Tcd8-CXCL13-LAG3,98
TNKILC,cTNI10 (CD8+ IL7R+),ILC3,60
TNKILC,cTNI14 (CD8+ CXCL13+),Tcd8-CXCL13,1037
TNKILC,cTNI24 (NK GZMK+),Tcd8-GZMK,11
TNKILC,cTNI09 (CD4+ Treg prolif),Tcd4-TFH,25
TNKILC,cTNI11 (CD8+GZMK+),Tcd8-CXCL13,179
TNKILC,cTNI11 (CD8+GZMK+),Tcd8-CXCL13-LAG3,53
TNKILC,cTNI24 (NK GZMK+),Tplzf-gdlike,97
TNKILC,cTNI21 (PLZF+ T prolif),Tcd8-gdlike,1
TNKILC,cTNI10 (CD8+ IL7R+),Tcd8-GZMK,130
TNKILC,cTNI07 (CD4+ CXCL13+),Tcd4-IL7R,52
TNKILC,cTNI18 (gd-like T PDCD1+),Tcd8-CXCL13,244
TNKILC,cTNI22 (cTNI22),Tcd8-CXCL13-LAG3,11
TNKILC,cTNI08 (CD4+ Treg),Tcd4-Treg-prolif,41
TNKILC,cTNI21 (PLZF+ T prolif),Tcd8-GZMK,1
TNKILC,cTNI03 (CD4+ IL7R+HSP+),Tcd4-TFH,31
TNKILC,cTNI17 (gd-like T),Tcd8-GZMK,153
TNKILC,cTNI24 (NK GZMK+),ILC3,6
TNKILC,cTNI22 (cTNI22),Tcd8-GZMK,112
TNKILC,cTNI22 (cTNI22),NK-CD16,416
TNKILC,cTNI02 (CD4+ IL7R+SELL+),Tcd4-TFH,158
TNKILC,cTNI15 (CD8+ CXCL13+ HSP+),Tplzf-gdlike,248
TNKILC,cTNI03 (CD4+ IL7R+HSP+),Tcd8-CXCL13,28
TNKILC,cTNI20 (PLZF+ T),Tcd8-CXCL13-prolif,16
TNKILC,cTNI02 (CD4+ IL7R+SELL+),Tcd8-GZMK,25
TNKILC,cTNI03 (CD4+ IL7R+HSP+),Tcd4-CXCL13,87
TNKILC,cTNI24 (NK GZMK+),Tcd8-CXCL13-LAG3,7
TNKILC,cTNI15 (CD8+ CXCL13+ HSP+),Tcd8-CXCL13,1041
TNKILC,cTNI20 (PLZF+ T),Tcd8-CXCL13,16
TNKILC,cTNI06 (CD4+ TFH),Tcd4-Treg,151
TNKILC,cTNI20 (PLZF+ T),NK-XCL1,59
TNKILC,cTNI15 (CD8+ CXCL13+ HSP+),Tcd8-CXCL13-LAG3,254
TNKILC,cTNI06 (CD4+ TFH),ILC3,1
TNKILC,cTNI02 (CD4+ IL7R+SELL+),ILC3,85
TNKILC,cTNI06 (CD4+ TFH),Tcd8-GZMK,6
TNKILC,cTNI06 (CD4+ TFH),Tcd4-Treg-prolif,9
TNKILC,cTNI02 (CD4+ IL7R+SELL+),Tcd8-HOBIT,44
TNKILC,cTNI04 (CD4+ IL7R+CCL5+),Tplzf-gdlike,2
TNKILC,cTNI04 (CD4+ IL7R+CCL5+),Tcd4-Treg,26
TNKILC,cTNI01 (CD4+ IL7R+),Tcd4-TFH,120
TNKILC,cTNI03 (CD4+ IL7R+HSP+),Tplzf-gdlike,16
TNKILC,cTNI01 (CD4+ IL7R+),Tcd4-Treg-prolif,23
TNKILC,cTNI01 (CD4+ IL7R+),Tcd4-CXCL13,135
TNKILC,cTNI17 (gd-like T),NK-CD16,663
TNKILC,cTNI01 (CD4+ IL7R+),Tcd8-CXCL13,7
TNKILC,cTNI02 (CD4+ IL7R+SELL+),Tcd4-Treg,75
TNKILC,cTNI01 (CD4+ IL7R+),Tcd4-Treg,51
TNKILC,cTNI10 (CD8+ IL7R+),Tcd4-TFH,7
TNKILC,cTNI14 (CD8+ CXCL13+),Tcd8-HOBIT,1364
TNKILC,cTNI07 (CD4+ CXCL13+),Tcd4-Treg,74
TNKILC,cTNI14 (CD8+ CXCL13+),Tcd8-CXCL13-LAG3,670
TNKILC,cTNI19 (gd-like T prolif),Tcd8-CXCL13-prolif,109
TNKILC,cTNI16 (CD8+ CXCL13+ prolif),Tcd8-GZMK,72
TNKILC,cTNI14 (CD8+ CXCL13+),Tcd8-gdlike,209
TNKILC,cTNI11 (CD8+GZMK+),Tcd4-TFH,80
TNKILC,cTNI17 (gd-like T),Tcd4-CXCL13,239
TNKILC,cTNI16 (CD8+ CXCL13+ prolif),Tcd4-Treg-prolif,304
TNKILC,cTNI23 (NK CD16A+),Tplzf-gdlike,11
TNKILC,cTNI14 (CD8+ CXCL13+),Tcd4-TFH,49
TNKILC,cTNI19 (gd-like T prolif),Tcd4-Treg-prolif,14
TNKILC,cTNI14 (CD8+ CXCL13+),Tcd4-Treg-prolif,71
TNKILC,cTNI10 (CD8+ IL7R+),Tcd4-Treg-prolif,34
TNKILC,cTNI10 (CD8+ IL7R+),Tcd4-Treg,4
TNKILC,cTNI17 (gd-like T),Tcd8-CXCL13-prolif,25
TNKILC,cTNI17 (gd-like T),Tcd4-Treg,16
TNKILC,cTNI17 (gd-like T),Tcd4-IL7R,48
TNKILC,cTNI16 (CD8+ CXCL13+ prolif),Tcd8-CXCL13,189
TNKILC,cTNI03 (CD4+ IL7R+HSP+),Tcd4-Treg,51
TNKILC,cTNI15 (CD8+ CXCL13+ HSP+),Tcd8-HOBIT,502
TNKILC,cTNI22 (cTNI22),ILC3,19
TNKILC,cTNI16 (CD8+ CXCL13+ prolif),Tplzf-gdlike-prolif,88
TNKILC,cTNI11 (CD8+GZMK+),Tcd4-IL7R,136
TNKILC,cTNI11 (CD8+GZMK+),ILC3,85
TNKILC,cTNI15 (CD8+ CXCL13+ HSP+),NK-CD16,175
TNKILC,cTNI15 (CD8+ CXCL13+ HSP+),Tcd8-GZMK,437
TNKILC,cTNI12 (CD8+ IL7R+),Tcd8-GZMK,97
TNKILC,cTNI15 (CD8+ CXCL13+ HSP+),Tcd8-gdlike,164
TNKILC,cTNI15 (CD8+ CXCL13+ HSP+),Tcd4-Treg-prolif,43
TNKILC,cTNI22 (cTNI22),Tcd4-IL7R,26
TNKILC,cTNI19 (gd-like T prolif),Tcd8-HOBIT,16
TNKILC,cTNI12 (CD8+ IL7R+),Tcd8-HOBIT,130
TNKILC,cTNI03 (CD4+ IL7R+HSP+),Tcd8-HOBIT,50
TNKILC,cTNI08 (CD4+ Treg),Tcd8-GZMK,44
TNKILC,cTNI18 (gd-like T PDCD1+),Tcd8-HOBIT,444
TNKILC,cTNI14 (CD8+ CXCL13+),NK-CD16,194
TNKILC,cTNI14 (CD8+ CXCL13+),Tplzf-gdlike,39
TNKILC,cTNI14 (CD8+ CXCL13+),Tcd8-CXCL13-prolif,25
TNKILC,cTNI08 (CD4+ Treg),NK-CD16,13
TNKILC,cTNI10 (CD8+ IL7R+),Tcd8-gdlike,33
TNKILC,cTNI07 (CD4+ CXCL13+),Tcd4-TFH,108
TNKILC,cTNI08 (CD4+ Treg),Tcd8-HOBIT,66
TNKILC,cTNI15 (CD8+ CXCL13+ HSP+),Tcd4-IL7R,87
TNKILC,cTNI15 (CD8+ CXCL13+ HSP+),Tcd4-Treg,84
TNKILC,cTNI03 (CD4+ IL7R+HSP+),Tcd8-gdlike,2
TNKILC,cTNI16 (CD8+ CXCL13+ prolif),Tcd8-gdlike,14
TNKILC,cTNI11 (CD8+GZMK+),Tcd4-Treg-prolif,6
TNKILC,cTNI22 (cTNI22),Tcd8-HOBIT,88
TNKILC,cTNI15 (CD8+ CXCL13+ HSP+),Tplzf-gdlike-prolif,6
TNKILC,cTNI07 (CD4+ CXCL13+),Tcd4-Treg-prolif,44
TNKILC,cTNI23 (NK CD16A+),Tcd8-gdlike,2
TNKILC,cTNI11 (CD8+GZMK+),Tplzf-gdlike,14
TNKILC,cTNI11 (CD8+GZMK+),Tcd8-gdlike,11
TNKILC,cTNI03 (CD4+ IL7R+HSP+),NK-XCL1,3
TNKILC,cTNI20 (PLZF+ T),Tcd8-HOBIT,19
TNKILC,cTNI19 (gd-like T prolif),Tcd8-gdlike,21
TNKILC,cTNI20 (PLZF+ T),Tcd4-IL7R,13
TNKILC,cTNI09 (CD4+ Treg prolif),Tcd8-CXCL13,8
TNKILC,cTNI02 (CD4+ IL7R+SELL+),Tcd4-Treg-prolif,9
TNKILC,cTNI02 (CD4+ IL7R+SELL+),Tplzf-gdlike-prolif,1
TNKILC,cTNI02 (CD4+ IL7R+SELL+),Tcd8-CXCL13,2
TNKILC,cTNI04 (CD4+ IL7R+CCL5+),Tcd8-CXCL13-LAG3,3
TNKILC,cTNI06 (CD4+ TFH),Tcd8-CXCL13-prolif,2
TNKILC,cTNI26 (ILC3),Tcd4-IL7R,48
TNKILC,cTNI24 (NK GZMK+),Tcd8-gdlike,45
TNKILC,cTNI26 (ILC3),Tcd8-GZMK,1
TNKILC,cTNI01 (CD4+ IL7R+),Tcd8-HOBIT,38
TNKILC,cTNI07 (CD4+ CXCL13+),Tcd8-GZMK,34
TNKILC,cTNI18 (gd-like T PDCD1+),Tcd8-GZMK,147
TNKILC,cTNI22 (cTNI22),Tplzf-gdlike,4
TNKILC,cTNI14 (CD8+ CXCL13+),ILC3,24
TNKILC,cTNI18 (gd-like T PDCD1+),NK-XCL1,4
TNKILC,cTNI14 (CD8+ CXCL13+),NK-XCL1,7
TNKILC,cTNI18 (gd-like T PDCD1+),Tplzf-gdlike,146
TNKILC,cTNI11 (CD8+GZMK+),NK-XCL1,8
TNKILC,cTNI21 (PLZF+ T prolif),Tplzf-gdlike,9
TNKILC,cTNI09 (CD4+ Treg prolif),Tcd8-HOBIT,3
TNKILC,cTNI07 (CD4+ CXCL13+),NK-XCL1,2
TNKILC,cTNI07 (CD4+ CXCL13+),Tcd8-HOBIT,27
TNKILC,cTNI25 (NK XCL1+),Tcd4-TFH,3
TNKILC,cTNI18 (gd-like T PDCD1+),Tcd4-Treg-prolif,13
TNKILC,cTNI10 (CD8+ IL7R+),Tcd8-CXCL13-prolif,8
TNKILC,cTNI17 (gd-like T),NK-XCL1,29
TNKILC,cTNI10 (CD8+ IL7R+),NK-CD16,16
TNKILC,cTNI01 (CD4+ IL7R+),ILC3,67
TNKILC,cTNI17 (gd-like T),Tcd4-Treg-prolif,41
TNKILC,cTNI11 (CD8+GZMK+),Tcd4-Treg,5
TNKILC,cTNI17 (gd-like T),Tplzf-gdlike-prolif,25
TNKILC,cTNI09 (CD4+ Treg prolif),Tplzf-gdlike-prolif,18
TNKILC,cTNI22 (cTNI22),Tcd4-CXCL13,10
TNKILC,cTNI02 (CD4+ IL7R+SELL+),Tplzf-gdlike,3
TNKILC,cTNI11 (CD8+GZMK+),Tcd8-CXCL13-prolif,8
TNKILC,cTNI08 (CD4+ Treg),Tcd8-CXCL13-LAG3,3
TNKILC,cTNI12 (CD8+ IL7R+),Tcd8-gdlike,26
TNKILC,cTNI12 (CD8+ IL7R+),Tcd8-CXCL13,35
TNKILC,cTNI04 (CD4+ IL7R+CCL5+),Tcd8-CXCL13,6
TNKILC,cTNI20 (PLZF+ T),Tcd4-TFH,8
TNKILC,cTNI20 (PLZF+ T),Tcd8-CXCL13-LAG3,38
TNKILC,cTNI20 (PLZF+ T),Tcd8-GZMK,32
TNKILC,cTNI20 (PLZF+ T),Tcd4-Treg-prolif,12
TNKILC,cTNI19 (gd-like T prolif),Tcd8-CXCL13-LAG3,78
TNKILC,cTNI08 (CD4+ Treg),ILC3,31
TNKILC,cTNI08 (CD4+ Treg),Tplzf-gdlike-prolif,2
TNKILC,cTNI26 (ILC3),Tplzf-gdlike,14
TNKILC,cTNI12 (CD8+ IL7R+),ILC3,46
TNKILC,cTNI06 (CD4+ TFH),Tcd8-CXCL13,4
TNKILC,cTNI03 (CD4+ IL7R+HSP+),Tcd4-Treg-prolif,5
TNKILC,cTNI10 (CD8+ IL7R+),NK-XCL1,2
TNKILC,cTNI10 (CD8+ IL7R+),Tplzf-gdlike,7
TNKILC,cTNI03 (CD4+ IL7R+HSP+),NK-CD16,8
TNKILC,cTNI06 (CD4+ TFH),Tplzf-gdlike,1
TNKILC,cTNI01 (CD4+ IL7R+),Tplzf-gdlike,1
TNKILC,cTNI06 (CD4+ TFH),Tcd8-gdlike,1
TNKILC,cTNI19 (gd-like T prolif),Tplzf-gdlike-prolif,36
TNKILC,cTNI19 (gd-like T prolif),Tcd8-CXCL13,25
TNKILC,cTNI07 (CD4+ CXCL13+),Tcd8-CXCL13,21
TNKILC,cTNI14 (CD8+ CXCL13+),Tcd4-IL7R,23
TNKILC,cTNI12 (CD8+ IL7R+),NK-CD16,37
TNKILC,cTNI07 (CD4+ CXCL13+),Tcd8-CXCL13-LAG3,18
TNKILC,cTNI17 (gd-like T),ILC3,52
TNKILC,cTNI10 (CD8+ IL7R+),Tplzf-gdlike-prolif,1
TNKILC,cTNI16 (CD8+ CXCL13+ prolif),NK-CD16,16
TNKILC,cTNI12 (CD8+ IL7R+),Tcd4-CXCL13,76
TNKILC,cTNI12 (CD8+ IL7R+),Tcd4-Treg-prolif,8
TNKILC,cTNI20 (PLZF+ T),Tcd4-Treg,9
TNKILC,cTNI21 (PLZF+ T prolif),ILC3,2
TNKILC,cTNI12 (CD8+ IL7R+),Tcd4-IL7R,48
TNKILC,cTNI24 (NK GZMK+),Tcd8-CXCL13,3
TNKILC,cTNI23 (NK CD16A+),Tcd8-CXCL13-LAG3,2
TNKILC,cTNI25 (NK XCL1+),Tcd4-CXCL13,2
TNKILC,cTNI21 (PLZF+ T prolif),NK-CD16,14
TNKILC,cTNI18 (gd-like T PDCD1+),Tcd4-TFH,22
TNKILC,cTNI15 (CD8+ CXCL13+ HSP+),ILC3,34
TNKILC,cTNI17 (gd-like T),Tcd4-TFH,24
TNKILC,cTNI26 (ILC3),Tcd4-TFH,7
TNKILC,cTNI18 (gd-like T PDCD1+),Tplzf-gdlike-prolif,4
TNKILC,cTNI22 (cTNI22),Tcd8-CXCL13,15
TNKILC,cTNI25 (NK XCL1+),Tcd8-GZMK,6
TNKILC,cTNI19 (gd-like T prolif),NK-CD16,22
TNKILC,cTNI01 (CD4+ IL7R+),Tcd8-GZMK,16
TNKILC,cTNI11 (CD8+GZMK+),Tplzf-gdlike-prolif,1
TNKILC,cTNI07 (CD4+ CXCL13+),Tcd8-CXCL13-prolif,3
TNKILC,cTNI18 (gd-like T PDCD1+),Tcd8-CXCL13-prolif,14
TNKILC,cTNI09 (CD4+ Treg prolif),ILC3,4
TNKILC,cTNI07 (CD4+ CXCL13+),Tplzf-gdlike-prolif,2
TNKILC,cTNI25 (NK XCL1+),Tcd4-IL7R,9
TNKILC,cTNI23 (NK CD16A+),Tplzf-gdlike-prolif,1
TNKILC,cTNI14 (CD8+ CXCL13+),Tcd4-Treg,11
TNKILC,cTNI19 (gd-like T prolif),Tcd4-CXCL13,19
TNKILC,cTNI18 (gd-like T PDCD1+),Tcd4-Treg,16
TNKILC,cTNI19 (gd-like T prolif),Tcd4-Treg,1
TNKILC,cTNI26 (ILC3),NK-XCL1,4
TNKILC,cTNI25 (NK XCL1+),Tcd8-gdlike,1
TNKILC,cTNI22 (cTNI22),Tcd4-Treg,2
TNKILC,cTNI23 (NK CD16A+),Tcd8-GZMK,1
TNKILC,cTNI26 (ILC3),Tcd4-Treg,1
TNKILC,cTNI22 (cTNI22),NK-XCL1,6
TNKILC,cTNI19 (gd-like T prolif),Tplzf-gdlike,18
TNKILC,cTNI21 (PLZF+ T prolif),Tcd4-IL7R,1
TNKILC,cTNI16 (CD8+ CXCL13+ prolif),Tcd4-Treg,7
TNKILC,cTNI24 (NK GZMK+),Tcd4-CXCL13,2
TNKILC,cTNI19 (gd-like T prolif),Tcd8-GZMK,5
TNKILC,cTNI18 (gd-like T PDCD1+),ILC3,10
TNKILC,cTNI19 (gd-like T prolif),ILC3,4
TNKILC,cTNI18 (gd-like T PDCD1+),Tcd4-IL7R,6
TNKILC,cTNI16 (CD8+ CXCL13+ prolif),Tcd4-TFH,6
TNKILC,cTNI03 (CD4+ IL7R+HSP+),Tcd8-CXCL13-LAG3,2
TNKILC,cTNI15 (CD8+ CXCL13+ HSP+),Tcd4-TFH,34
TNKILC,cTNI15 (CD8+ CXCL13+ HSP+),Tcd8-CXCL13-prolif,10
TNKILC,cTNI07 (CD4+ CXCL13+),Tcd8-gdlike,5
TNKILC,cTNI15 (CD8+ CXCL13+ HSP+),NK-XCL1,2
TNKILC,cTNI16 (CD8+ CXCL13+ prolif),Tplzf-gdlike,7
TNKILC,cTNI09 (CD4+ Treg prolif),Tcd8-gdlike,1
TNKILC,cTNI09 (CD4+ Treg prolif),Tcd8-CXCL13-LAG3,5
TNKILC,cTNI26 (ILC3),Tcd8-HOBIT,2
TNKILC,cTNI08 (CD4+ Treg),Tplzf-gdlike,2
TNKILC,cTNI22 (cTNI22),Tcd8-gdlike,1
TNKILC,cTNI08 (CD4+ Treg),Tcd8-gdlike,3
TNKILC,cTNI25 (NK XCL1+),Tcd8-HOBIT,3
TNKILC,cTNI07 (CD4+ CXCL13+),Tplzf-gdlike,1
TNKILC,cTNI23 (NK CD16A+),Tcd4-CXCL13,1
TNKILC,cTNI25 (NK XCL1+),Tplzf-gdlike-prolif,2
TNKILC,cTNI04 (CD4+ IL7R+CCL5+),Tcd8-CXCL13-prolif,2
TNKILC,cTNI07 (CD4+ CXCL13+),NK-CD16,2
TNKILC,cTNI08 (CD4+ Treg),Tcd8-CXCL13-prolif,3
TNKILC,cTNI23 (NK CD16A+),ILC3,4
TNKILC,cTNI25 (NK XCL1+),Tcd8-CXCL13-LAG3,1
TNKILC,cTNI21 (PLZF+ T prolif),Tcd8-HOBIT,1
TNKILC,cTNI02 (CD4+ IL7R+SELL+),NK-CD16,1
TNKILC,cTNI01 (CD4+ IL7R+),Tcd8-CXCL13-prolif,1
TNKILC,cTNI22 (cTNI22),Tcd4-TFH,1
TNKILC,cTNI23 (NK CD16A+),Tcd8-HOBIT,2
TNKILC,cTNI01 (CD4+ IL7R+),NK-CD16,5
TNKILC,cTNI01 (CD4+ IL7R+),NK-XCL1,2
TNKILC,cTNI12 (CD8+ IL7R+),Tcd4-TFH,8
TNKILC,cTNI01 (CD4+ IL7R+),Tplzf-gdlike-prolif,1
TNKILC,cTNI12 (CD8+ IL7R+),Tcd8-CXCL13-prolif,4
TNKILC,cTNI12 (CD8+ IL7R+),Tplzf-gdlike,8
TNKILC,cTNI12 (CD8+ IL7R+),Tplzf-gdlike-prolif,1
TNKILC,cTNI12 (CD8+ IL7R+),NK-XCL1,5
TNKILC,cTNI12 (CD8+ IL7R+),Tcd4-Treg,2
TNKILC,cTNI01 (CD4+ IL7R+),Tcd8-gdlike,2
TNKILC,cTNI06 (CD4+ TFH),Tcd8-HOBIT,3
TNKILC,cTNI04 (CD4+ IL7R+CCL5+),NK-XCL1,1
TNKILC,cTNI16 (CD8+ CXCL13+ prolif),Tcd4-IL7R,2
TNKILC,cTNI26 (ILC3),Tcd4-Treg-prolif,1
TNKILC,cTNI24 (NK GZMK+),Tplzf-gdlike-prolif,3
TNKILC,cTNI22 (cTNI22),Tcd4-Treg-prolif,1
TNKILC,cTNI26 (ILC3),NK-CD16,1
TNKILC,cTNI24 (NK GZMK+),Tcd8-HOBIT,1
TNKILC,cTNI14 (CD8+ CXCL13+),Tplzf-gdlike-prolif,4
TNKILC,cTNI08 (CD4+ Treg),NK-XCL1,1
